DATE,Day,Month,Quarter,Year,SERIES,OPEN,HIGH,LOW,PREV. CLOSE,LTP,CLOSE,VWAP,52W H,52W L,VOLUME,NO. OF  TRADES
29-Dec-25,Monday,December,Q4,2025,EQ,7324.00,7374.50,7232.50,7324.00,7275.50,7272.00,7284.69,7374.50,4646.00,282572.00,38107.00
26-Dec-25,Friday,December,Q4,2025,EQ,7300.00,7360.00,7274.00,7312.50,7330.00,7324.00,7329.13,7360.00,4646.00,157706.00,21162.00
24-Dec-25,Wednesday,December,Q4,2025,EQ,7300.00,7349.50,7240.50,7303.00,7300.00,7312.50,7308.19,7349.50,4646.00,205296.00,33262.00
23-Dec-25,Tuesday,December,Q4,2025,EQ,7338.00,7338.00,7280.00,7291.50,7290.00,7303.00,7313.15,7338.00,4646.00,249187.00,34073.00
22-Dec-25,Monday,December,Q4,2025,EQ,7238.00,7310.00,7213.00,7217.00,7306.50,7291.50,7265.88,7328.50,4646.00,233966.00,38341.00
19-Dec-25,Friday,December,Q4,2025,EQ,7075.00,7242.00,7075.00,7106.50,7229.50,7217.00,7198.82,7328.50,4646.00,423435.00,44558.00
18-Dec-25,Thursday,December,Q4,2025,EQ,7135.00,7144.00,7013.50,7134.50,7090.00,7106.50,7079.33,7328.50,4646.00,327756.00,42052.00
17-Dec-25,Wednesday,December,Q4,2025,EQ,7104.00,7176.50,7080.50,7061.50,7143.00,7134.50,7148.66,7328.50,4646.00,594264.00,53603.00
16-Dec-25,Tuesday,December,Q4,2025,EQ,7120.00,7121.50,7035.50,7121.50,7042.00,7061.50,7069.54,7328.50,4646.00,505906.00,40289.00
15-Dec-25,Monday,December,Q4,2025,EQ,7200.00,7210.50,7094.50,7229.00,7116.00,7121.50,7125.62,7328.50,4646.00,391821.00,48441.00
12-Dec-25,Friday,December,Q4,2025,EQ,7235.00,7274.50,7188.00,7256.00,7230.00,7229.00,7240.04,7328.50,4646.00,324682.00,32653.00
11-Dec-25,Thursday,December,Q4,2025,EQ,7250.00,7328.50,7220.50,7228.50,7235.00,7256.00,7273.86,7328.50,4646.00,502052.00,50425.00
10-Dec-25,Wednesday,December,Q4,2025,EQ,7129.50,7294.00,7129.50,7123.00,7233.00,7228.50,7235.54,7294.00,4646.00,626505.00,69759.00
09-Dec-25,Tuesday,December,Q4,2025,EQ,7142.00,7196.00,7052.00,7142.00,7122.50,7123.00,7138.49,7284.50,4646.00,436443.00,47280.00
08-Dec-25,Monday,December,Q4,2025,EQ,7230.00,7234.00,7115.00,7208.00,7135.00,7142.00,7158.76,7284.50,4646.00,273509.00,35250.00
05-Dec-25,Friday,December,Q4,2025,EQ,7120.00,7218.00,7070.50,7100.00,7205.00,7208.00,7170.34,7284.50,4646.00,501035.00,50190.00
04-Dec-25,Thursday,December,Q4,2025,EQ,7098.00,7167.50,7066.50,7081.50,7092.50,7100.00,7107.28,7284.50,4646.00,364672.00,58488.00
03-Dec-25,Wednesday,December,Q4,2025,EQ,7090.00,7105.00,7042.00,7112.50,7063.50,7081.50,7069.47,7284.50,4646.00,333674.00,49934.00
02-Dec-25,Tuesday,December,Q4,2025,EQ,7125.00,7196.00,7091.50,7125.50,7105.00,7112.50,7127.18,7284.50,4646.00,448174.00,79713.00
01-Dec-25,Monday,December,Q4,2025,EQ,7061.50,7250.00,7025.00,7053.50,7135.00,7125.50,7136.94,7284.50,4646.00,974710.00,75066.00
28-Nov-25,Friday,November,Q4,2025,EQ,6999.00,7065.00,6956.00,6999.00,7045.00,7053.50,7037.23,7284.50,4646.00,449709.00,40389.00
27-Nov-25,Thursday,November,Q4,2025,EQ,7210.00,7210.50,6981.00,7198.50,7004.00,6999.00,7047.14,7284.50,4646.00,480102.00,55566.00
26-Nov-25,Wednesday,November,Q4,2025,EQ,7258.00,7273.00,7180.00,7218.50,7180.00,7198.50,7228.51,7284.50,4646.00,313545.00,70506.00
25-Nov-25,Tuesday,November,Q4,2025,EQ,7258.50,7274.50,7180.00,7258.50,7200.00,7218.50,7217.37,7284.50,4646.00,521990.00,47510.00
24-Nov-25,Monday,November,Q4,2025,EQ,7151.50,7284.50,7135.00,7134.50,7250.00,7258.50,7252.77,7284.50,4646.00,1229296.00,96086.00
21-Nov-25,Friday,November,Q4,2025,EQ,7125.50,7205.00,7088.50,7125.50,7139.00,7134.50,7164.68,7205.00,4646.00,654156.00,58940.00
20-Nov-25,Thursday,November,Q4,2025,EQ,6906.00,7138.00,6886.50,6896.50,7125.00,7125.50,7071.00,7138.00,4646.00,857232.00,88980.00
19-Nov-25,Wednesday,November,Q4,2025,EQ,6800.00,6911.50,6760.00,6814.50,6898.00,6896.50,6855.95,7122.50,4646.00,416170.00,52852.00
18-Nov-25,Tuesday,November,Q4,2025,EQ,6835.00,6854.00,6754.00,6799.00,6785.00,6814.50,6806.40,7122.50,4646.00,517129.00,47443.00
17-Nov-25,Monday,November,Q4,2025,EQ,6730.00,6809.00,6675.00,6695.00,6809.00,6799.00,6772.04,7122.50,4646.00,789635.00,52111.00
14-Nov-25,Friday,November,Q4,2025,EQ,6799.00,6850.00,6670.00,6855.00,6699.50,6695.00,6731.43,7122.50,4536.05,739163.00,68163.00
13-Nov-25,Thursday,November,Q4,2025,EQ,6875.00,6946.50,6758.50,6879.00,6796.50,6855.00,6873.84,7122.50,4536.05,842032.00,64247.00
12-Nov-25,Wednesday,November,Q4,2025,EQ,6906.50,6925.00,6838.50,6873.00,6879.00,6879.00,6876.31,7122.50,4536.05,300606.00,47141.00
11-Nov-25,Tuesday,November,Q4,2025,EQ,6871.50,6890.00,6754.00,6866.50,6873.00,6873.00,6814.09,7122.50,4536.05,409676.00,40020.00
10-Nov-25,Monday,November,Q4,2025,EQ,6870.00,6915.50,6800.50,6886.00,6894.50,6866.50,6850.18,7122.50,4536.05,514365.00,53710.00
07-Nov-25,Friday,November,Q4,2025,EQ,6806.50,6897.00,6720.50,6806.50,6885.00,6886.00,6786.33,7122.50,4536.05,465149.00,57430.00
06-Nov-25,Thursday,November,Q4,2025,EQ,6945.00,6975.00,6793.50,6930.00,6810.00,6806.50,6862.33,7122.50,4536.05,435650.00,58833.00
04-Nov-25,Tuesday,November,Q4,2025,EQ,7050.00,7060.00,6906.50,7023.50,6917.00,6930.00,6952.28,7122.50,4536.05,494329.00,60658.00
03-Nov-25,Monday,November,Q4,2025,EQ,7030.00,7070.00,6996.50,7007.00,7020.00,7023.50,7028.59,7122.50,4536.05,334962.00,49888.00
31-Oct-25,Friday,October,Q4,2025,EQ,6929.00,7099.00,6902.50,6889.00,7014.00,7007.00,7032.98,7122.50,4533.65,670785.00,58472.00
30-Oct-25,Thursday,October,Q4,2025,EQ,6952.00,6988.50,6869.00,6952.00,6886.00,6889.00,6903.54,7122.50,4533.65,412184.00,49388.00
29-Oct-25,Wednesday,October,Q4,2025,EQ,7007.50,7007.50,6889.00,7002.50,6978.50,6952.00,6968.82,7122.50,4533.65,343504.00,39969.00
28-Oct-25,Tuesday,October,Q4,2025,EQ,6905.00,7022.00,6905.00,6906.50,6985.50,7002.50,6974.16,7122.50,4533.65,485231.00,55268.00
27-Oct-25,Monday,October,Q4,2025,EQ,6868.00,6927.50,6838.50,6840.00,6905.00,6906.50,6883.55,7122.50,4533.65,228141.00,37376.00
24-Oct-25,Friday,October,Q4,2025,EQ,6894.00,6909.50,6792.00,6884.50,6842.50,6840.00,6845.44,7122.50,4508.75,243740.00,40029.00
23-Oct-25,Thursday,October,Q4,2025,EQ,7100.00,7100.00,6869.00,7018.50,6894.00,6884.50,6939.41,7122.50,4508.75,419750.00,58224.00
21-Oct-25,Tuesday,October,Q4,2025,EQ,7037.00,7058.00,7005.00,7013.50,7025.00,7018.50,7025.68,7122.50,4508.75,14379.00,3061.00
20-Oct-25,Monday,October,Q4,2025,EQ,7049.00,7104.50,7007.50,7042.50,7012.00,7013.50,7039.95,7122.50,4508.75,326177.00,49336.00
17-Oct-25,Friday,October,Q4,2025,EQ,6990.00,7099.00,6988.00,6988.00,7041.00,7042.50,7054.84,7122.50,4508.75,402013.00,53812.00
16-Oct-25,Thursday,October,Q4,2025,EQ,6893.00,7016.50,6892.00,6895.00,6989.00,6988.00,6987.72,7122.50,4508.75,319047.00,48487.00
15-Oct-25,Wednesday,October,Q4,2025,EQ,6893.50,6940.00,6865.00,6887.00,6891.50,6895.00,6905.29,7122.50,4508.75,237366.00,32578.00
14-Oct-25,Tuesday,October,Q4,2025,EQ,6939.50,6942.00,6815.00,6912.00,6873.00,6887.00,6867.89,7122.50,4508.75,309415.00,40014.00
13-Oct-25,Monday,October,Q4,2025,EQ,6999.50,7047.00,6896.50,6965.00,6918.00,6912.00,6961.80,7122.50,4508.75,342990.00,56793.00
10-Oct-25,Friday,October,Q4,2025,EQ,6895.50,6984.00,6876.50,6896.50,6974.00,6965.00,6953.66,7122.50,4508.75,282882.00,40209.00
09-Oct-25,Thursday,October,Q4,2025,EQ,6925.00,6958.00,6818.00,6902.50,6880.00,6896.50,6892.87,7122.50,4508.75,405889.00,46693.00
08-Oct-25,Wednesday,October,Q4,2025,EQ,6957.00,7007.00,6889.50,6957.00,6890.50,6902.50,6962.91,7122.50,4508.75,476286.00,44022.00
07-Oct-25,Tuesday,October,Q4,2025,EQ,6880.00,6999.00,6880.00,6880.00,6957.50,6957.00,6961.82,7122.50,4508.75,286586.00,41656.00
06-Oct-25,Monday,October,Q4,2025,EQ,6941.00,6955.50,6865.00,6941.00,6876.00,6880.00,6894.02,7122.50,4508.75,218200.00,32474.00
03-Oct-25,Friday,October,Q4,2025,EQ,7000.00,7008.50,6850.00,7021.50,6935.00,6941.00,6918.36,7122.50,4508.75,669742.00,77065.00
01-Oct-25,Wednesday,October,Q4,2025,EQ,7000.00,7063.00,6950.00,7005.50,6990.00,7021.50,7026.76,7122.50,4508.75,313734.00,41455.00
30-Sep-25,Tuesday,September,Q3,2025,EQ,6984.50,7032.50,6951.50,6985.00,7010.00,7005.50,7001.00,7122.50,4508.75,363934.00,45273.00
29-Sep-25,Monday,September,Q3,2025,EQ,7049.00,7073.50,6969.00,7047.00,6973.50,6985.00,7004.04,7122.50,4508.75,612976.00,81521.00
26-Sep-25,Friday,September,Q3,2025,EQ,6980.00,7091.00,6965.50,6986.00,7035.00,7047.00,7045.75,7122.50,4508.75,679362.00,68711.00
25-Sep-25,Thursday,September,Q3,2025,EQ,7009.50,7044.50,6932.00,7011.50,6975.00,6986.00,7006.78,7122.50,4508.75,375861.00,49284.00
24-Sep-25,Wednesday,September,Q3,2025,EQ,6950.00,7060.50,6927.50,6990.50,7025.00,7011.50,7013.79,7122.50,4508.75,323002.00,43654.00
23-Sep-25,Tuesday,September,Q3,2025,EQ,7015.00,7122.50,6978.50,6946.00,6982.50,6990.50,7037.71,7122.50,4508.75,679055.00,61044.00
22-Sep-25,Monday,September,Q3,2025,EQ,7000.00,7005.50,6925.00,6973.50,6950.50,6946.00,6968.28,7018.00,4508.75,332786.00,39142.00
19-Sep-25,Friday,September,Q3,2025,EQ,6947.00,7018.00,6925.00,6924.50,6980.50,6973.50,6967.59,7018.00,4508.75,550551.00,44794.00
18-Sep-25,Thursday,September,Q3,2025,EQ,6895.50,6935.00,6868.50,6890.50,6923.00,6924.50,6909.21,6954.50,4508.75,224356.00,29981.00
17-Sep-25,Wednesday,September,Q3,2025,EQ,6921.00,6938.00,6879.50,6927.50,6900.00,6890.50,6903.48,6954.50,4508.75,310534.00,40511.00
16-Sep-25,Tuesday,September,Q3,2025,EQ,6823.00,6954.50,6800.50,6801.00,6951.00,6927.50,6892.64,6954.50,4508.75,579275.00,59174.00
15-Sep-25,Monday,September,Q3,2025,EQ,6875.00,6900.50,6787.50,6875.00,6799.00,6801.00,6816.80,6937.00,4508.75,380686.00,40752.00
12-Sep-25,Friday,September,Q3,2025,EQ,6765.00,6899.00,6762.50,6758.00,6875.00,6875.00,6870.31,6937.00,4508.75,731798.00,75436.00
11-Sep-25,Thursday,September,Q3,2025,EQ,6805.00,6828.50,6750.00,6836.50,6758.50,6758.00,6774.54,6937.00,4508.75,719575.00,94379.00
10-Sep-25,Wednesday,September,Q3,2025,EQ,6900.00,6924.50,6802.50,6874.50,6818.50,6836.50,6842.63,6937.00,4508.75,740607.00,81141.00
09-Sep-25,Tuesday,September,Q3,2025,EQ,6782.00,6937.00,6779.00,6815.00,6893.50,6874.50,6877.60,6937.00,4508.75,983283.00,81861.00
08-Sep-25,Monday,September,Q3,2025,EQ,6570.50,6848.00,6569.00,6580.50,6798.00,6815.00,6736.01,6848.00,4508.75,968116.00,105557.00
05-Sep-25,Friday,September,Q3,2025,EQ,6449.00,6598.50,6440.50,6425.00,6580.00,6580.50,6550.67,6713.00,4508.75,610721.00,66555.00
04-Sep-25,Thursday,September,Q3,2025,EQ,6690.00,6713.00,6411.50,6371.50,6431.00,6425.00,6517.08,6713.00,4508.75,1181698.00,119597.00
03-Sep-25,Wednesday,September,Q3,2025,EQ,6349.00,6379.00,6308.00,6349.00,6374.50,6371.50,6349.02,6388.00,4508.75,536107.00,69548.00
02-Sep-25,Tuesday,September,Q3,2025,EQ,6310.50,6388.00,6282.50,6280.00,6350.00,6349.00,6343.51,6388.00,4508.75,701158.00,82905.00
01-Sep-25,Monday,September,Q3,2025,EQ,6085.00,6292.00,6085.00,6103.00,6292.00,6280.00,6212.59,6292.00,4508.75,698178.00,66407.00
29-Aug-25,Friday,August,Q3,2025,EQ,6149.00,6174.50,6070.00,6133.00,6103.00,6103.00,6107.21,6269.50,4508.75,496302.00,62254.00
28-Aug-25,Thursday,August,Q3,2025,EQ,6269.50,6269.50,6121.00,6151.00,6140.00,6133.00,6176.45,6269.50,4508.75,719052.00,82711.00
26-Aug-25,Tuesday,August,Q3,2025,EQ,5980.00,6210.00,5960.00,5990.50,6151.00,6151.00,6122.83,6210.00,4508.75,1474805.00,133812.00
25-Aug-25,Monday,August,Q3,2025,EQ,5945.00,6009.00,5880.00,5924.50,5990.00,5990.50,5954.87,6024.50,4508.75,822944.00,69723.00
22-Aug-25,Friday,August,Q3,2025,EQ,5970.00,5973.00,5913.50,5975.00,5930.00,5924.50,5943.13,6024.50,4508.75,273421.00,39708.00
21-Aug-25,Thursday,August,Q3,2025,EQ,5990.00,5992.50,5898.00,5937.50,5967.00,5975.00,5939.00,6024.50,4508.75,499089.00,38496.00
20-Aug-25,Wednesday,August,Q3,2025,EQ,5964.00,5969.50,5905.00,5938.50,5935.00,5937.50,5931.02,6024.50,4508.75,510626.00,70969.00
19-Aug-25,Tuesday,August,Q3,2025,EQ,5918.00,5995.00,5891.50,5912.00,5936.00,5938.50,5958.13,6024.50,4508.75,843617.00,70700.00
18-Aug-25,Monday,August,Q3,2025,EQ,5880.00,6024.50,5825.50,5764.00,5915.00,5912.00,5933.82,6024.50,4508.75,1288582.00,111916.00
14-Aug-25,Thursday,August,Q3,2025,EQ,5710.00,5785.50,5710.00,5714.50,5746.50,5764.00,5755.47,5906.50,4508.75,415010.00,44835.00
13-Aug-25,Wednesday,August,Q3,2025,EQ,5658.00,5757.50,5648.50,5658.00,5710.00,5714.50,5719.96,5906.50,4508.75,427562.00,39927.00
12-Aug-25,Tuesday,August,Q3,2025,EQ,5679.50,5694.00,5643.00,5671.50,5657.50,5658.00,5663.57,5906.50,4508.75,429572.00,37473.00
11-Aug-25,Monday,August,Q3,2025,EQ,5677.00,5708.50,5652.50,5663.00,5678.50,5671.50,5676.30,5906.50,4508.75,475811.00,49872.00
08-Aug-25,Friday,August,Q3,2025,EQ,5681.50,5711.50,5655.50,5681.50,5670.50,5663.00,5679.12,5906.50,4508.75,373874.00,35756.00
07-Aug-25,Thursday,August,Q3,2025,EQ,5660.00,5694.50,5588.00,5668.00,5676.50,5681.50,5636.83,5906.50,4508.75,266900.00,26328.00
06-Aug-25,Wednesday,August,Q3,2025,EQ,5684.50,5712.50,5651.00,5681.00,5665.50,5668.00,5678.55,5906.50,4508.75,202535.00,32770.00
05-Aug-25,Tuesday,August,Q3,2025,EQ,5625.00,5690.00,5584.50,5621.00,5684.00,5681.00,5642.95,5906.50,4508.75,458305.00,54068.00
04-Aug-25,Monday,August,Q3,2025,EQ,5527.50,5670.00,5520.00,5528.00,5615.00,5621.00,5623.08,5906.50,4508.75,505407.00,49280.00
01-Aug-25,Friday,August,Q3,2025,EQ,5551.00,5670.00,5475.00,5468.50,5518.00,5528.00,5574.77,5906.50,4508.75,1408773.00,124153.00
31-Jul-25,Thursday,July,Q3,2025,EQ,5450.00,5510.00,5386.50,5481.00,5463.50,5468.50,5457.85,5906.50,4508.75,307018.00,45762.00
30-Jul-25,Wednesday,July,Q3,2025,EQ,5465.00,5556.50,5440.00,5470.50,5490.00,5481.00,5499.77,5906.50,4508.75,266223.00,44329.00
29-Jul-25,Tuesday,July,Q3,2025,EQ,5390.00,5484.00,5353.00,5386.00,5479.50,5470.50,5428.76,5906.50,4508.75,217256.00,25599.00
28-Jul-25,Monday,July,Q3,2025,EQ,5433.00,5456.00,5357.00,5433.00,5380.00,5386.00,5399.61,5906.50,4508.75,322292.00,42807.00
25-Jul-25,Friday,July,Q3,2025,EQ,5480.00,5480.00,5372.50,5469.00,5425.00,5433.00,5415.64,5906.50,4508.75,292877.00,32791.00
24-Jul-25,Thursday,July,Q3,2025,EQ,5440.00,5502.00,5434.00,5441.50,5472.50,5469.00,5469.26,5906.50,4508.75,284450.00,25691.00
23-Jul-25,Wednesday,July,Q3,2025,EQ,5432.00,5462.00,5422.00,5439.50,5448.50,5441.50,5442.73,5906.50,4508.75,344237.00,24869.00
22-Jul-25,Tuesday,July,Q3,2025,EQ,5470.00,5539.00,5433.50,5558.00,5441.00,5439.50,5465.19,5906.50,4508.75,517944.00,44796.00
21-Jul-25,Monday,July,Q3,2025,EQ,5597.00,5627.00,5540.50,5627.50,5561.50,5558.00,5576.75,5906.50,4508.75,190717.00,24111.00
18-Jul-25,Friday,July,Q3,2025,EQ,5664.00,5681.50,5611.50,5650.00,5620.50,5627.50,5639.27,5906.50,4508.75,254828.00,31578.00
17-Jul-25,Thursday,July,Q3,2025,EQ,5668.00,5683.00,5628.00,5626.50,5650.00,5650.00,5648.11,5906.50,4508.75,391603.00,35069.00
16-Jul-25,Wednesday,July,Q3,2025,EQ,5600.00,5633.50,5540.00,5591.00,5627.00,5626.50,5596.52,5906.50,4508.75,226544.00,26443.00
15-Jul-25,Tuesday,July,Q3,2025,EQ,5590.00,5642.50,5568.50,5540.50,5593.50,5591.00,5597.33,5906.50,4508.75,715066.00,54293.00
14-Jul-25,Monday,July,Q3,2025,EQ,5606.50,5615.50,5520.50,5612.50,5541.50,5540.50,5541.75,5906.50,4508.75,503684.00,55178.00
11-Jul-25,Friday,July,Q3,2025,EQ,5632.00,5683.50,5589.00,5652.00,5606.50,5612.50,5624.67,5906.50,4508.75,522930.00,37443.00
10-Jul-25,Thursday,July,Q3,2025,EQ,5692.00,5705.00,5635.00,5695.00,5649.00,5652.00,5662.51,5906.50,4508.75,189074.00,24052.00
09-Jul-25,Wednesday,July,Q3,2025,EQ,5671.00,5718.50,5669.50,5679.50,5692.00,5695.00,5693.32,5906.50,4508.75,177978.00,23413.00
08-Jul-25,Tuesday,July,Q3,2025,EQ,5705.00,5705.00,5648.50,5682.50,5671.00,5679.50,5670.08,5906.50,4508.75,180630.00,28345.00
07-Jul-25,Monday,July,Q3,2025,EQ,5630.00,5700.00,5625.00,5629.00,5688.00,5682.50,5679.78,5906.50,4508.75,227078.00,35672.00
04-Jul-25,Friday,July,Q3,2025,EQ,5715.50,5715.50,5620.00,5716.00,5625.50,5629.00,5646.90,5906.50,4508.75,185006.00,27114.00
03-Jul-25,Thursday,July,Q3,2025,EQ,5710.00,5774.50,5700.00,5722.50,5706.00,5716.00,5734.88,5906.50,4508.75,335537.00,36958.00
02-Jul-25,Wednesday,July,Q3,2025,EQ,5687.00,5745.00,5687.00,5715.50,5721.50,5722.50,5726.26,5906.50,4508.75,299925.00,29717.00
01-Jul-25,Tuesday,July,Q3,2025,EQ,5656.50,5749.00,5632.50,5656.50,5715.00,5715.50,5693.98,5906.50,4508.75,534027.00,77456.00
30-Jun-25,Monday,June,Q2,2025,EQ,5660.00,5683.50,5613.00,5660.00,5640.00,5656.50,5647.33,5906.50,4508.75,340049.00,49539.00
27-Jun-25,Friday,June,Q2,2025,EQ,5615.00,5685.00,5595.00,5611.50,5630.00,5660.00,5655.30,5906.50,4508.75,413724.00,45398.00
26-Jun-25,Thursday,June,Q2,2025,EQ,5576.50,5622.50,5512.00,5576.00,5598.50,5611.50,5567.61,5906.50,4508.75,788150.00,69602.00
25-Jun-25,Wednesday,June,Q2,2025,EQ,5632.00,5652.50,5567.50,5629.00,5576.50,5576.00,5594.50,5906.50,4508.75,449222.00,50239.00
24-Jun-25,Tuesday,June,Q2,2025,EQ,5589.00,5639.50,5560.00,5552.50,5630.00,5629.00,5618.65,5906.50,4508.75,579369.00,49067.00
23-Jun-25,Monday,June,Q2,2025,EQ,5495.00,5560.00,5479.50,5525.00,5548.50,5552.50,5525.16,5906.50,4508.75,247519.00,32800.00
20-Jun-25,Friday,June,Q2,2025,EQ,5530.00,5542.00,5495.00,5493.50,5512.00,5525.00,5518.10,5906.50,4508.75,776879.00,53725.00
19-Jun-25,Thursday,June,Q2,2025,EQ,5410.00,5506.50,5405.00,5393.00,5485.00,5493.50,5478.39,5906.50,4508.75,923400.00,80537.00
18-Jun-25,Wednesday,June,Q2,2025,EQ,5334.00,5463.00,5307.50,5341.00,5385.00,5393.00,5415.71,5906.50,4508.75,774670.00,60126.00
17-Jun-25,Tuesday,June,Q2,2025,EQ,5381.00,5391.00,5311.00,5365.00,5344.00,5341.00,5339.26,5906.50,4508.75,710729.00,53099.00
16-Jun-25,Monday,June,Q2,2025,EQ,5305.00,5381.50,5305.00,5319.00,5361.00,5365.00,5358.16,5906.50,4508.75,294926.00,25549.00
13-Jun-25,Friday,June,Q2,2025,EQ,5280.00,5333.50,5219.50,5315.50,5323.00,5319.00,5278.56,5906.50,4508.75,414671.00,42748.00
12-Jun-25,Thursday,June,Q2,2025,EQ,5351.00,5375.00,5302.00,5352.00,5310.00,5315.50,5337.23,5906.50,4508.75,337217.00,33291.00
11-Jun-25,Wednesday,June,Q2,2025,EQ,5370.00,5434.50,5342.50,5377.50,5351.00,5352.00,5381.13,5906.50,4508.75,366787.00,30369.00
10-Jun-25,Tuesday,June,Q2,2025,EQ,5426.00,5426.00,5370.50,5391.00,5385.00,5377.50,5402.05,5906.50,4508.75,330659.00,29507.00
09-Jun-25,Monday,June,Q2,2025,EQ,5422.00,5444.00,5377.50,5394.00,5385.00,5391.00,5398.89,5906.50,4508.75,270949.00,35086.00
06-Jun-25,Friday,June,Q2,2025,EQ,5290.50,5405.00,5261.50,5308.50,5400.00,5394.00,5356.36,5906.50,4253.85,538092.00,35768.00
05-Jun-25,Thursday,June,Q2,2025,EQ,5331.50,5338.00,5284.00,5319.50,5304.00,5308.50,5312.63,5906.50,4253.85,459910.00,42372.00
04-Jun-25,Wednesday,June,Q2,2025,EQ,5340.00,5385.50,5296.50,5354.00,5300.00,5319.50,5331.78,5906.50,4253.85,321913.00,29585.00
03-Jun-25,Tuesday,June,Q2,2025,EQ,5414.00,5414.00,5296.00,5361.00,5349.50,5354.00,5344.09,5906.50,4253.85,479572.00,50431.00
02-Jun-25,Monday,June,Q2,2025,EQ,5340.00,5385.00,5316.50,5333.50,5354.00,5361.00,5353.38,5906.50,4253.85,475698.00,46385.00
30-May-25,Friday,May,Q2,2025,EQ,5378.00,5403.00,5319.50,5379.00,5354.00,5333.50,5341.16,5906.50,4253.85,915804.00,45261.00
29-May-25,Thursday,May,Q2,2025,EQ,5328.50,5396.50,5287.00,5326.50,5385.00,5379.00,5339.18,5906.50,4253.85,704795.00,62260.00
28-May-25,Wednesday,May,Q2,2025,EQ,5405.00,5409.50,5314.00,5389.50,5327.00,5326.50,5356.41,5906.50,4253.85,380066.00,38173.00
27-May-25,Tuesday,May,Q2,2025,EQ,5420.00,5445.00,5376.00,5427.50,5400.00,5389.50,5401.15,5906.50,4253.85,452769.00,37010.00
26-May-25,Monday,May,Q2,2025,EQ,5403.00,5473.00,5400.50,5400.00,5430.00,5427.50,5440.24,5906.50,4253.85,337099.00,33503.00
23-May-25,Friday,May,Q2,2025,EQ,5390.00,5437.50,5376.00,5387.00,5394.00,5400.00,5408.26,5906.50,4253.85,282287.00,32913.00
22-May-25,Thursday,May,Q2,2025,EQ,5382.00,5410.00,5320.00,5409.00,5410.00,5387.00,5361.56,5906.50,4253.85,461736.00,76138.00
21-May-25,Wednesday,May,Q2,2025,EQ,5410.00,5477.50,5385.00,5387.50,5400.00,5409.00,5423.61,5906.50,4253.85,300888.00,38013.00
20-May-25,Tuesday,May,Q2,2025,EQ,5550.00,5557.50,5380.00,5530.00,5405.00,5387.50,5435.94,5906.50,4253.85,402780.00,45586.00
19-May-25,Monday,May,Q2,2025,EQ,5510.00,5628.00,5509.50,5509.50,5528.00,5530.00,5578.23,5906.50,4253.85,654074.00,60514.00
16-May-25,Friday,May,Q2,2025,EQ,5504.00,5585.50,5491.00,5466.00,5509.00,5509.50,5538.12,5906.50,4253.85,638327.00,59243.00
15-May-25,Thursday,May,Q2,2025,EQ,5500.00,5548.00,5360.00,5446.50,5473.50,5466.00,5456.86,5906.50,4253.85,1930277.00,168706.00
14-May-25,Wednesday,May,Q2,2025,EQ,5430.00,5477.50,5360.00,5419.00,5447.00,5446.50,5434.81,5906.50,4253.85,315866.00,39786.00
13-May-25,Tuesday,May,Q2,2025,EQ,5506.50,5553.50,5392.50,5520.00,5424.00,5419.00,5443.59,5906.50,4253.85,416275.00,44047.00
12-May-25,Monday,May,Q2,2025,EQ,5505.00,5541.00,5414.00,5324.00,5525.00,5520.00,5498.63,5906.50,4253.85,327631.00,37927.00
09-May-25,Friday,May,Q2,2025,EQ,5295.00,5340.50,5260.50,5372.50,5328.00,5324.00,5300.75,5906.50,4253.85,412056.00,73452.00
08-May-25,Thursday,May,Q2,2025,EQ,5463.50,5488.50,5339.50,5489.00,5355.00,5372.50,5403.54,5906.50,4253.85,609858.00,58774.00
07-May-25,Wednesday,May,Q2,2025,EQ,5460.50,5571.00,5452.50,5515.00,5468.50,5489.00,5506.44,5906.50,4253.85,349955.00,39958.00
06-May-25,Tuesday,May,Q2,2025,EQ,5460.50,5597.00,5440.50,5460.50,5505.00,5515.00,5542.36,5906.50,4253.85,514699.00,51260.00
05-May-25,Monday,May,Q2,2025,EQ,5469.50,5480.00,5411.00,5437.50,5473.00,5460.50,5450.54,5906.50,4253.85,320466.00,36689.00
02-May-25,Friday,May,Q2,2025,EQ,5560.00,5560.00,5376.00,5567.00,5428.00,5437.50,5436.49,5906.50,4253.85,695557.00,72873.00
30-Apr-25,Wednesday,April,Q2,2025,EQ,5605.00,5605.00,5505.50,5579.00,5573.50,5567.00,5558.91,5906.50,4253.85,509786.00,53509.00
29-Apr-25,Tuesday,April,Q2,2025,EQ,5626.50,5691.50,5508.00,5622.00,5574.50,5579.00,5570.01,5906.50,4253.85,309552.00,48124.00
28-Apr-25,Monday,April,Q2,2025,EQ,5580.50,5658.00,5550.50,5575.50,5618.00,5622.00,5618.00,5906.50,4253.85,403569.00,58261.00
25-Apr-25,Friday,April,Q2,2025,EQ,5662.50,5668.00,5517.50,5650.50,5560.00,5575.50,5580.77,5906.50,4253.85,457510.00,45892.00
24-Apr-25,Thursday,April,Q2,2025,EQ,5736.00,5774.50,5620.00,5740.00,5632.00,5650.50,5678.29,5906.50,4253.85,503663.00,59332.00
23-Apr-25,Wednesday,April,Q2,2025,EQ,5789.00,5816.50,5605.50,5784.00,5730.00,5740.00,5712.56,5906.50,4253.85,582611.00,71511.00
22-Apr-25,Tuesday,April,Q2,2025,EQ,5811.00,5906.50,5766.50,5810.50,5789.00,5784.00,5830.24,5906.50,4253.85,459537.00,52379.00
21-Apr-25,Monday,April,Q2,2025,EQ,5695.50,5857.50,5643.50,5678.50,5808.00,5810.50,5784.39,5857.50,4253.85,551547.00,46644.00
17-Apr-25,Thursday,April,Q2,2025,EQ,5615.50,5715.50,5576.00,5615.50,5663.00,5678.50,5662.56,5715.50,4193.75,564357.00,79735.00
16-Apr-25,Wednesday,April,Q2,2025,EQ,5549.00,5630.00,5539.00,5529.00,5600.00,5615.50,5599.42,5630.00,4193.75,734279.00,65271.00
15-Apr-25,Tuesday,April,Q2,2025,EQ,5464.00,5557.00,5399.00,5350.90,5549.50,5529.00,5497.10,5575.50,4193.75,542322.00,63928.00
11-Apr-25,Friday,April,Q2,2025,EQ,5290.00,5409.00,5290.00,5258.30,5339.40,5350.90,5359.34,5575.50,4011.60,500528.00,53726.00
09-Apr-25,Wednesday,April,Q2,2025,EQ,5270.55,5324.00,5182.35,5231.35,5254.95,5258.30,5258.03,5575.50,4011.60,472302.00,61725.00
08-Apr-25,Tuesday,April,Q2,2025,EQ,5165.55,5269.00,5109.80,5065.25,5238.95,5231.35,5205.77,5575.50,4011.60,355195.00,55452.00
07-Apr-25,Monday,April,Q2,2025,EQ,5000.00,5167.40,4999.95,5247.90,5078.40,5065.25,5076.21,5575.50,4011.60,519173.00,53428.00
04-Apr-25,Friday,April,Q2,2025,EQ,5350.95,5355.10,5230.00,5379.15,5240.25,5247.90,5284.10,5575.50,3886.10,261887.00,39560.00
03-Apr-25,Thursday,April,Q2,2025,EQ,5265.00,5408.30,5265.00,5355.50,5372.50,5379.15,5376.68,5575.50,3886.10,224286.00,29951.00
02-Apr-25,Wednesday,April,Q2,2025,EQ,5361.70,5393.95,5311.25,5307.20,5322.00,5355.50,5346.81,5575.50,3886.10,365908.00,48174.00
01-Apr-25,Tuesday,April,Q2,2025,EQ,5365.55,5525.00,5266.10,5347.70,5301.15,5307.20,5355.30,5575.50,3886.10,562006.00,75797.00
28-Mar-25,Friday,March,Q1,2025,EQ,5363.00,5408.35,5322.45,5345.75,5345.25,5347.70,5358.56,5575.50,3886.10,286609.00,44226.00
27-Mar-25,Thursday,March,Q1,2025,EQ,5329.45,5405.00,5300.00,5403.30,5347.00,5345.75,5354.87,5575.50,3886.10,603145.00,70233.00
26-Mar-25,Wednesday,March,Q1,2025,EQ,5433.90,5495.00,5390.00,5431.25,5398.00,5403.30,5439.06,5575.50,3886.10,384678.00,57741.00
25-Mar-25,Tuesday,March,Q1,2025,EQ,5460.00,5499.85,5401.20,5424.20,5419.00,5431.25,5446.79,5575.50,3886.10,324007.00,56087.00
24-Mar-25,Monday,March,Q1,2025,EQ,5325.50,5456.00,5312.90,5305.95,5426.00,5424.20,5396.93,5575.50,3886.10,316612.00,41935.00
21-Mar-25,Friday,March,Q1,2025,EQ,5249.15,5327.95,5230.35,5229.35,5315.05,5305.95,5293.80,5575.50,3672.00,414691.00,37927.00
20-Mar-25,Thursday,March,Q1,2025,EQ,5129.00,5258.95,5113.30,5100.90,5234.00,5229.35,5217.16,5575.50,3672.00,491655.00,59222.00
19-Mar-25,Wednesday,March,Q1,2025,EQ,5131.00,5139.60,5054.60,5127.40,5105.00,5100.90,5095.40,5575.50,3672.00,417978.00,46552.00
18-Mar-25,Tuesday,March,Q1,2025,EQ,5066.20,5145.00,5065.70,5050.25,5104.80,5127.40,5110.59,5575.50,3672.00,328246.00,45966.00
17-Mar-25,Monday,March,Q1,2025,EQ,4935.00,5076.95,4935.00,5015.25,5050.20,5050.25,5041.14,5575.50,3672.00,287729.00,46074.00
13-Mar-25,Thursday,March,Q1,2025,EQ,5030.50,5047.50,4965.05,5017.45,5010.00,5015.25,5013.03,5575.50,3672.00,265867.00,36902.00
12-Mar-25,Wednesday,March,Q1,2025,EQ,4985.00,5039.90,4960.50,4985.55,5024.25,5017.45,5002.67,5575.50,3672.00,235018.00,32220.00
11-Mar-25,Tuesday,March,Q1,2025,EQ,4950.00,5010.00,4912.05,4990.55,5005.00,4985.55,4974.06,5575.50,3672.00,228128.00,37829.00
10-Mar-25,Monday,March,Q1,2025,EQ,5123.00,5130.00,4970.65,5100.70,4972.50,4990.55,5034.16,5575.50,3672.00,316750.00,45702.00
07-Mar-25,Friday,March,Q1,2025,EQ,5094.40,5131.40,5073.00,5094.40,5130.00,5100.70,5107.74,5575.50,3672.00,590548.00,41109.00
06-Mar-25,Thursday,March,Q1,2025,EQ,4995.60,5107.10,4995.60,4988.30,5086.00,5094.40,5056.36,5575.50,3672.00,648307.00,88275.00
05-Mar-25,Wednesday,March,Q1,2025,EQ,4808.00,5004.00,4780.90,4815.10,4990.60,4988.30,4955.62,5575.50,3672.00,551830.00,87549.00
04-Mar-25,Tuesday,March,Q1,2025,EQ,4887.00,4887.00,4788.30,4906.60,4808.05,4815.10,4834.11,5575.50,3672.00,638281.00,104850.00
03-Mar-25,Monday,March,Q1,2025,EQ,4827.00,4928.00,4827.00,4773.60,4914.00,4906.60,4890.42,5575.50,3672.00,503560.00,74867.00
28-Feb-25,Friday,February,Q1,2025,EQ,4910.05,4931.95,4755.00,4935.50,4803.00,4773.60,4827.30,5575.50,3672.00,1076243.00,107333.00
27-Feb-25,Thursday,February,Q1,2025,EQ,4960.50,5000.00,4889.85,4989.80,4920.00,4935.50,4929.49,5575.50,3672.00,561804.00,48780.00
25-Feb-25,Tuesday,February,Q1,2025,EQ,5028.00,5075.00,4978.05,5010.80,4997.75,4989.80,5019.16,5575.50,3672.00,402917.00,48763.00
24-Feb-25,Monday,February,Q1,2025,EQ,4936.00,5049.90,4915.55,4962.45,5016.65,5010.80,5009.87,5575.50,3672.00,410180.00,70080.00
21-Feb-25,Friday,February,Q1,2025,EQ,4888.00,4982.90,4855.00,4888.40,4968.00,4962.45,4946.15,5575.50,3672.00,324027.00,46244.00
20-Feb-25,Thursday,February,Q1,2025,EQ,4780.00,4899.00,4777.00,4810.60,4897.00,4888.40,4864.28,5575.50,3672.00,277284.00,49187.00
19-Feb-25,Wednesday,February,Q1,2025,EQ,4700.00,4821.00,4677.05,4719.40,4810.00,4810.60,4772.08,5575.50,3672.00,275722.00,46433.00
18-Feb-25,Tuesday,February,Q1,2025,EQ,4769.00,4772.50,4684.45,4745.20,4726.00,4719.40,4714.28,5575.50,3672.00,254026.00,38433.00
17-Feb-25,Monday,February,Q1,2025,EQ,4700.00,4755.00,4646.00,4703.35,4754.00,4745.20,4713.78,5575.50,3672.00,232211.00,49018.00
14-Feb-25,Friday,February,Q1,2025,EQ,4831.10,4850.00,4686.05,4820.40,4705.00,4703.35,4722.53,5575.50,3672.00,476473.00,66577.00
13-Feb-25,Thursday,February,Q1,2025,EQ,4850.65,4907.05,4790.00,4849.45,4808.05,4820.40,4852.93,5575.50,3672.00,571526.00,103530.00
12-Feb-25,Wednesday,February,Q1,2025,EQ,4950.00,5000.00,4834.40,4972.35,4855.00,4849.45,4921.97,5575.50,3672.00,813864.00,113955.00
11-Feb-25,Tuesday,February,Q1,2025,EQ,5138.85,5139.50,4954.95,5335.35,4977.95,4972.35,5024.15,5575.50,3672.00,2272410.00,191586.00
10-Feb-25,Monday,February,Q1,2025,EQ,5400.00,5444.90,5307.40,5372.55,5327.80,5335.35,5363.74,5575.50,3672.00,631815.00,83029.00
07-Feb-25,Friday,February,Q1,2025,EQ,5368.65,5399.00,5320.05,5342.00,5391.85,5372.55,5349.58,5575.50,3672.00,604384.00,82257.00
06-Feb-25,Thursday,February,Q1,2025,EQ,5428.10,5445.05,5330.90,5417.20,5350.00,5342.00,5366.36,5575.50,3672.00,361000.00,69431.00
05-Feb-25,Wednesday,February,Q1,2025,EQ,5450.00,5470.00,5351.00,5450.10,5428.10,5417.20,5409.30,5575.50,3672.00,442234.00,56295.00
04-Feb-25,Tuesday,February,Q1,2025,EQ,5536.55,5554.15,5442.00,5485.25,5451.00,5450.10,5488.02,5575.50,3672.00,591631.00,75856.00
03-Feb-25,Monday,February,Q1,2025,EQ,5575.00,5575.50,5406.90,5390.15,5474.00,5485.25,5487.61,5575.50,3672.00,1330533.00,129014.00
01-Feb-25,Saturday,February,Q1,2025,EQ,5214.80,5423.05,5130.10,5194.30,5394.45,5390.15,5307.89,5423.05,3590.05,609534.00,73765.00
31-Jan-25,Friday,January,Q1,2025,EQ,5165.00,5244.00,5145.00,5164.35,5198.25,5194.30,5195.28,5385.70,3590.05,394118.00,46769.00
30-Jan-25,Thursday,January,Q1,2025,EQ,5182.90,5268.00,5140.05,5182.90,5160.00,5164.35,5195.41,5385.70,3590.05,480830.00,66946.00
29-Jan-25,Wednesday,January,Q1,2025,EQ,5080.55,5235.00,5080.55,5105.40,5181.25,5182.90,5188.33,5385.70,3590.05,357310.00,60599.00
28-Jan-25,Tuesday,January,Q1,2025,EQ,5160.00,5194.00,5090.00,5144.50,5100.50,5105.40,5152.72,5385.70,3590.05,603950.00,75657.00
27-Jan-25,Monday,January,Q1,2025,EQ,5190.00,5208.00,5115.60,5206.30,5140.00,5144.50,5149.94,5385.70,3590.05,418597.00,68398.00
24-Jan-25,Friday,January,Q1,2025,EQ,5134.00,5224.50,5115.05,5116.20,5190.25,5206.30,5182.66,5385.70,3562.45,730641.00,77961.00
23-Jan-25,Thursday,January,Q1,2025,EQ,4996.60,5158.00,4977.80,5009.70,5111.00,5116.20,5092.53,5385.70,3562.45,442186.00,73775.00
22-Jan-25,Wednesday,January,Q1,2025,EQ,4980.00,5025.00,4953.20,4969.95,4996.50,5009.70,4992.52,5385.70,3562.45,494734.00,64810.00
21-Jan-25,Tuesday,January,Q1,2025,EQ,5032.35,5080.00,4960.00,5016.75,4968.70,4969.95,5011.12,5385.70,3562.45,416551.00,46004.00
20-Jan-25,Monday,January,Q1,2025,EQ,5012.35,5038.45,4930.00,5012.30,5018.10,5016.75,4998.89,5385.70,3562.45,255315.00,34026.00
17-Jan-25,Friday,January,Q1,2025,EQ,5005.00,5075.40,4998.05,5047.80,5021.25,5012.30,5027.95,5385.70,3562.45,197564.00,25283.00
16-Jan-25,Thursday,January,Q1,2025,EQ,5112.05,5134.10,5034.90,5081.90,5060.95,5047.80,5075.59,5385.70,3562.45,435315.00,50913.00
15-Jan-25,Wednesday,January,Q1,2025,EQ,5037.90,5093.40,5004.20,5029.55,5089.70,5081.90,5060.71,5385.70,3562.45,497259.00,45744.00
14-Jan-25,Tuesday,January,Q1,2025,EQ,4950.05,5041.35,4950.05,4939.10,5033.10,5029.55,5006.42,5385.70,3562.45,448429.00,38762.00
13-Jan-25,Monday,January,Q1,2025,EQ,5010.00,5024.20,4925.60,5058.45,4946.55,4939.10,4958.84,5385.70,3562.45,213093.00,42628.00
10-Jan-25,Friday,January,Q1,2025,EQ,5150.00,5162.70,5040.00,5139.90,5061.45,5058.45,5075.72,5385.70,3562.45,316803.00,52887.00
09-Jan-25,Thursday,January,Q1,2025,EQ,5186.30,5195.85,5105.00,5163.20,5153.55,5139.90,5140.83,5385.70,3562.45,239408.00,53390.00
08-Jan-25,Wednesday,January,Q1,2025,EQ,5212.20,5237.85,5134.30,5177.30,5163.75,5163.20,5171.49,5385.70,3562.45,343162.00,69284.00
07-Jan-25,Tuesday,January,Q1,2025,EQ,5250.10,5292.00,5166.50,5250.10,5175.00,5177.30,5205.63,5385.70,3562.45,439721.00,73865.00
06-Jan-25,Monday,January,Q1,2025,EQ,5310.75,5350.00,5188.45,5310.75,5246.00,5250.10,5257.03,5385.70,3562.45,419050.00,54279.00
03-Jan-25,Friday,January,Q1,2025,EQ,5325.00,5385.70,5270.75,5308.10,5310.00,5310.75,5325.66,5385.70,3562.45,836689.00,79634.00
02-Jan-25,Thursday,January,Q1,2025,EQ,4885.00,5330.00,4867.25,4885.30,5303.00,5308.10,5194.51,5330.00,3562.45,2863478.00,236386.00
01-Jan-25,Wednesday,January,Q1,2025,EQ,4829.00,4906.45,4742.45,4821.90,4867.25,4885.30,4835.92,5105.00,3562.45,290234.00,39120.00
31-Dec-24,Tuesday,December,Q4,2024,EQ,4827.00,4872.40,4810.00,4855.80,4825.00,4821.90,4839.75,5105.00,3562.45,313948.00,33582.00
30-Dec-24,Monday,December,Q4,2024,EQ,4890.00,4904.95,4832.30,4876.90,4850.00,4855.80,4870.85,5105.00,3562.45,242799.00,35170.00
